Country,Year,coal_consumption,hydro_consumption,oil_consumption,nuclear_consumption,gas_consumption,value
Afghanistan,2019,,,,,,
Afghanistan,2020,,,,,,33.81669398907104
Afghanistan,2021,,,,,,27.471232876712328
Afghanistan,2022,,,,,,16.957506849315067
Afghanistan,2023,,,,,,
Albania,2019,,,,,,
Albania,2020,,,,,,51.81655737704918
Albania,2021,,,,,,55.26331506849315
Albania,2022,,,,,,27.499917808219177
Albania,2023,,,,,,
Algeria,2019,4.803,0.401,236.951,0.0,450.546,
Algeria,2020,1.524,0.13,211.925,0.0,433.5,48.52912568306011
Algeria,2021,3.105,0.024,221.204,0.0,481.529,60.20241095890411
Algeria,2022,2.175,0.042,226.853,0.0,503.387,32.01980821917808
Algeria,2023,1.933,0.179,238.201,0.0,462.962,
Angola,2019,,,,0.0,,
Angola,2020,,,,0.0,,42.82450819672131
Angola,2021,,,,0.0,,49.61342465753425
Angola,2022,,,,0.0,,41.23517808219178
Angola,2023,,,,0.0,,
Argentina,2019,8.124,72.501,321.832,21.354,465.589,
Argentina,2020,10.015,62.163,288.195,25.229,439.312,62.12841530054645
Argentina,2021,14.052,51.412,350.891,25.536,459.341,64.95482191780822
Argentina,2022,14.892,59.363,411.806,18.686,458.528,33.54553424657534
Argentina,2023,12.794,77.665,391.435,22.342,449.364,
Aruba,2019,,,,,,
Aruba,2020,,,,,,42.32158469945355
Aruba,2021,,,,,,42.214739726027396
Aruba,2022,,,,,,31.98172602739726
Aruba,2023,,,,,,
Australia,2019,486.392,36.958,603.784,0.0,440.57,
Australia,2020,468.061,37.874,521.934,0.0,423.173,53.106912568306015
Australia,2021,452.447,41.717,535.5,0.0,395.757,59.550410958904116
Australia,2022,429.006,43.437,568.555,0.0,432.269,33.13071232876712
Australia,2023,419.011,39.643,601.654,0.0,401.215,
Austria,2019,33.945,107.616,153.201,0.0,89.004,
Austria,2020,29.032,110.299,133.029,0.0,85.272,51.02661202185793
Austria,2021,30.162,101.4,140.215,0.0,90.154,74.18224657534246
Austria,2022,28.638,88.585,135.033,0.0,79.128,62.41991780821918
Austria,2023,26.737,100.934,135.028,0.0,68.813,
Azerbaijan,2019,0.008,4.125,63.159,0.0,117.892,
Azerbaijan,2020,0.005,2.809,57.751,0.0,123.668,55.14049180327869
Azerbaijan,2021,0.002,3.342,65.339,0.0,128.174,60.81531506849315
Azerbaijan,2022,0.001,4.16,69.259,0.0,136.162,45.541260273972604
Azerbaijan,2023,0.001,4.581,71.342,0.0,151.216,
Bahamas,2019,,,,,,
Bahamas,2020,,,,,,55.960846994535515
Bahamas,2021,,,,,,63.04756164383562
Bahamas,2022,,,,,,38.34487671232877
Bahamas,2023,,,,,,
Bahrain,2019,,,,0.0,,
Bahrain,2020,,,,0.0,,56.820191256830604
Bahrain,2021,,,,0.0,,59.92731506849315
Bahrain,2022,,,,0.0,,30.707972602739726
Bahrain,2023,,,,0.0,,
Bangladesh,2019,48.065,2.17,121.873,0.0,309.344,
Bangladesh,2020,52.347,1.84,102.721,0.0,299.153,52.29939890710383
Bangladesh,2021,42.311,1.784,140.567,0.0,306.089,61.26134246575342
Bangladesh,2022,55.397,2.021,171.402,0.0,286.872,34.123260273972605
Bangladesh,2023,78.291,1.776,143.814,0.0,281.259,
Barbados,2019,,,,,,
Barbados,2020,,,,,,43.999071038251365
Barbados,2021,,,,,,64.67638356164383
Barbados,2022,,,,,,44.92038356164383
Barbados,2023,,,,,,
Belarus,2019,15.468,0.925,99.327,0.0,191.645,
Belarus,2020,9.734,1.051,95.61,0.852,177.51,26.192486338797817
Belarus,2021,9.897,0.971,90.425,14.514,187.617,38.08430136986301
Belarus,2022,10.879,0.965,83.48,11.722,184.624,18.610164383561646
Belarus,2023,11.258,0.779,84.472,29.251,167.84,
Belgium,2019,35.962,0.796,358.856,110.092,173.869,
Belgium,2020,27.931,0.701,307.183,86.782,169.982,50.63907103825137
Belgium,2021,30.891,1.094,341.012,126.367,169.606,62.79635616438357
Belgium,2022,32.201,0.707,331.763,109.777,145.534,35.0158904109589
Belgium,2023,27.395,1.019,315.108,82.08,137.061,
Belize,2019,,,,,,
Belize,2020,,,,,,49.41270491803279
Belize,2021,,,,,,64.30991780821917
Belize,2022,,,,,,30.937424657534248
Belize,2023,,,,,,
Benin,2019,,,,,,
Benin,2020,,,,,,37.561256830601096
Benin,2021,,,,,,47.2666301369863
Benin,2022,,,,,,27.608438356164385
Benin,2023,,,,,,
Bermuda,2019,,,,,,
Bermuda,2020,,,,,,44.391530054644804
Bermuda,2021,,,,,,56.70583561643836
Bermuda,2022,,,,,,42.869780821917814
Bermuda,2023,,,,,,
Bhutan,2019,,,,,,
Bhutan,2020,,,,,,55.70103825136613
Bhutan,2021,,,,,,67.08331506849315
Bhutan,2022,,,,,,42.773315068493154
Bhutan,2023,,,,,,
Bolivia,2019,,,,0.0,,
Bolivia,2020,,,,0.0,,51.25860655737705
Bolivia,2021,,,,0.0,,45.645808219178086
Bolivia,2022,,,,0.0,,36.13295890410959
Bolivia,2023,,,,0.0,,
Bosnia and Herzegovina,2019,,,,,,
Bosnia and Herzegovina,2020,,,,,,38.39117486338798
Bosnia and Herzegovina,2021,,,,,,43.81942465753425
Bosnia and Herzegovina,2022,,,,,,35.06517808219178
Bosnia and Herzegovina,2023,,,,,,
Botswana,2019,,,,,,
Botswana,2020,,,,,,41.510355191256835
Botswana,2021,,,,,,51.81947945205479
Botswana,2022,,,,,,20.565616438356162
Botswana,2023,,,,,,
Brazil,2019,179.512,1048.793,1301.595,40.797,357.333,
Brazil,2020,163.133,1041.012,1228.752,35.415,314.237,50.88109289617486
Brazil,2021,197.908,949.379,1327.642,36.923,404.465,50.739260273972604
Brazil,2022,162.662,1113.543,1390.7,36.424,319.876,31.48586301369863
Brazil,2023,159.094,1113.496,1418.943,36.169,299.88,
Brunei,2019,,,,0.0,,
Brunei,2020,,,,0.0,,38.84756830601093
Brunei,2021,,,,0.0,,54.136876712328764
Brunei,2022,,,,0.0,,40.65339726027397
Brunei,2023,,,,0.0,,
Bulgaria,2019,59.158,7.722,59.417,41.876,28.309,
Bulgaria,2020,48.342,7.407,53.383,41.9,29.206,38.26016393442623
Bulgaria,2021,60.966,12.61,56.078,41.398,33.02,55.931041095890414
Bulgaria,2022,72.707,9.916,59.941,41.185,27.035,31.663369863013695
Bulgaria,2023,44.572,8.131,59.203,40.32,25.26,
Burkina Faso,2019,,,,,,
Burkina Faso,2020,,,,,,28.261229508196724
Burkina Faso,2021,,,,,,30.244657534246578
Burkina Faso,2022,,,,,,22.97980821917808
Burkina Faso,2023,,,,,,
Burundi,2019,,,,,,
Burundi,2020,,,,,,12.263169398907102
Burundi,2021,,,,,,18.833287671232878
Burundi,2022,,,,,,24.801479452054796
Burundi,2023,,,,,,
Cambodia,2019,,,,,,
Cambodia,2020,,,,,,34.177267759562845
Cambodia,2021,,,,,,61.44191780821917
Cambodia,2022,,,,,,27.57186301369863
Cambodia,2023,,,,,,
Cameroon,2019,,,,,,
Cameroon,2020,,,,,,34.489672131147536
Cameroon,2021,,,,,,30.40805479452055
Cameroon,2022,,,,,,29.82901369863014
Cameroon,2023,,,,,,
Canada,2019,169.154,1006.336,1296.55,254.196,1186.542,
Canada,2020,146.178,1015.178,1101.598,245.749,1152.905,51.295737704918025
Canada,2021,131.237,1000.694,1147.385,230.97,1186.283,66.87035616438357
Canada,2022,106.977,1036.923,1196.26,216.737,1238.135,36.08013698630137
Canada,2023,102.974,946.059,1208.833,221.892,1207.272,
Cape Verde,2019,,,,,,
Cape Verde,2020,,,,,,54.4633606557377
Cape Verde,2021,,,,,,59.01257534246575
Cape Verde,2022,,,,,,34.15572602739726
Cape Verde,2023,,,,,,
Central African Republic,2019,,,,,,
Central African Republic,2020,,,,,,31.710573770491802
Central African Republic,2021,,,,,,19.227123287671233
Central African Republic,2022,,,,,,25.213205479452053
Central African Republic,2023,,,,,,
Chad,2019,,,,0.0,,
Chad,2020,,,,0.0,,43.87188524590164
Chad,2021,,,,0.0,,39.37410958904109
Chad,2022,,,,0.0,,31.04375342465753
Chad,2023,,,,0.0,,
Chile,2019,87.085,56.516,210.552,0.0,65.131,
Chile,2020,73.146,57.045,192.556,0.0,62.354,59.25133879781421
Chile,2021,81.111,47.289,211.375,0.0,68.229,69.57956164383562
Chile,2022,66.243,53.154,228.238,0.0,72.657,36.00109589041096
Chile,2023,48.781,62.421,231.239,0.0,70.145,
China,2019,22922.236,3354.375,7891.51,882.026,3083.768,
China,2020,23402.553,3471.19,7959.667,922.889,3366.173,61.17704918032787
China,2021,24315.475,3401.68,8174.094,1023.213,3802.679,74.72578082191781
China,2022,24397.779,3384.379,8198.392,1045.2,3776.475,79.89487671232877
China,2023,25538.52,3184.722,9090.51,1083.629,4048.381,
Colombia,2019,53.642,143.494,219.412,0.0,128.708,
Colombia,2020,47.48,130.887,185.176,0.0,131.227,56.627377049180325
Colombia,2021,31.459,158.3,238.92,0.0,126.266,64.9355890410959
Colombia,2022,28.353,167.736,267.203,0.0,125.85,39.742520547945205
Colombia,2023,43.354,155.43,271.426,0.0,130.544,
Congo,2019,,,,0.0,,
Congo,2020,,,,0.0,,39.28770491803279
Congo,2021,,,,0.0,,39.77986301369863
Congo,2022,,,,0.0,,35.011945205479456
Congo,2023,,,,0.0,,
Costa Rica,2019,,,,,,
Costa Rica,2020,,,,,,45.1274043715847
Costa Rica,2021,,,,,,57.310794520547944
Costa Rica,2022,,,,,,30.048958904109586
Costa Rica,2023,,,,,,
Cote d'Ivoire,2019,,,,,,
Cote d'Ivoire,2020,,,,,,37.77379781420765
Cote d'Ivoire,2021,,,,,,32.914191780821916
Cote d'Ivoire,2022,,,,,,26.864958904109585
Cote d'Ivoire,2023,,,,,,
Croatia,2019,4.9,15.357,39.724,0.0,27.981,
Croatia,2020,4.201,14.871,34.047,0.0,29.368,48.041666666666664
Croatia,2021,4.83,18.651,35.995,0.0,28.252,50.44750684931507
Croatia,2022,4.727,14.234,39.399,0.0,24.805,27.542602739726025
Croatia,2023,3.907,21.224,40.321,0.0,25.001,
Cuba,2019,,,,0.0,,
Cuba,2020,,,,0.0,,51.372950819672134
Cuba,2021,,,,0.0,,66.17052054794522
Cuba,2022,,,,0.0,,33.24191780821918
Cuba,2023,,,,0.0,,
Cyprus,2019,0.194,,30.785,0.0,,
Cyprus,2020,0.162,,26.23,0.0,,54.64620218579235
Cyprus,2021,0.48,,27.052,0.0,,72.64235616438356
Cyprus,2022,0.356,,28.741,0.0,,49.662904109589036
Cyprus,2023,0.324,,28.684,0.0,,
Democratic Republic of Congo,2019,,,,0.0,,
Democratic Republic of Congo,2020,,,,0.0,,35.992677595628415
Democratic Republic of Congo,2021,,,,0.0,,31.31276712328767
Democratic Republic of Congo,2022,,,,0.0,,29.207534246575342
Democratic Republic of Congo,2023,,,,0.0,,
Denmark,2019,10.575,0.045,89.638,0.0,28.978,
Denmark,2020,9.31,0.045,76.058,0.0,23.226,45.92016393442623
Denmark,2021,12.4,0.043,77.009,0.0,23.695,53.45515068493151
Denmark,2022,12.18,0.039,86.797,0.0,16.93,21.8946301369863
Denmark,2023,8.091,0.051,87.573,0.0,16.303,
Djibouti,2019,,,,,,
Djibouti,2020,,,,,,38.543196721311475
Djibouti,2021,,,,,,40.74167123287671
Djibouti,2022,,,,,,33.217479452054796
Djibouti,2023,,,,,,
Dominica,2019,,,,,,
Dominica,2020,,,,,,39.37579234972677
Dominica,2021,,,,,,50.999753424657534
Dominica,2022,,,,,,44.94191780821917
Dominica,2023,,,,,,
Dominican Republic,2019,,,,,,
Dominican Republic,2020,,,,,,51.31136612021858
Dominican Republic,2021,,,,,,59.022684931506845
Dominican Republic,2022,,,,,,23.00021917808219
Dominican Republic,2023,,,,,,
Ecuador,2019,0.1,64.953,137.313,0.0,6.922,
Ecuador,2020,0.281,63.906,110.832,0.0,5.904,53.16494535519126
Ecuador,2021,0.55,66.92,137.084,0.0,6.238,65.17463013698631
Ecuador,2022,0.8,64.227,150.591,0.0,5.368,45.61276712328767
Ecuador,2023,0.688,65.847,160.782,0.0,4.942,
Egypt,2019,22.941,37.113,383.614,0.0,590.387,
Egypt,2020,8.733,39.141,332.68,0.0,583.079,53.35409836065573
Egypt,2021,14.114,36.45,359.567,0.0,621.248,49.62605479452054
Egypt,2022,12.244,34.641,425.229,0.0,605.909,35.98060273972603
Egypt,2023,13.924,35.912,414.959,0.0,600.444,
El Salvador,2019,,,,,,
El Salvador,2020,,,,,,53.9581693989071
El Salvador,2021,,,,,,41.914904109589045
El Salvador,2022,,,,,,32.47712328767123
El Salvador,2023,,,,,,
Eritrea,2019,,,,,,
Eritrea,2020,,,,,,48.21841530054645
Eritrea,2021,,,,,,53.85750684931507
Eritrea,2022,,,,,,41.353726027397265
Eritrea,2023,,,,,,
Estonia,2019,35.805,0.05,15.589,0.0,4.661,
Estonia,2020,29.108,0.079,16.054,0.0,4.3,35.00289617486339
Estonia,2021,31.76,0.055,15.788,0.0,4.863,43.77723287671233
Estonia,2022,34.259,0.06,16.369,0.0,4.037,37.12169863013699
Estonia,2023,27.524,0.069,15.673,0.0,3.699,
Eswatini,2019,,,,,,
Eswatini,2020,,,,,,42.500901639344264
Eswatini,2021,,,,,,61.82709589041096
Eswatini,2022,,,,,,36.84172602739726
Eswatini,2023,,,,,,
Ethiopia,2019,,,,,,
Ethiopia,2020,,,,,,44.874453551912566
Ethiopia,2021,,,,,,45.11610958904109
Ethiopia,2022,,,,,,39.445726027397264
Ethiopia,2023,,,,,,
Fiji,2019,,,,,,
Fiji,2020,,,,,,48.634836065573765
Fiji,2021,,,,,,71.15980821917807
Fiji,2022,,,,,,46.66627397260274
Fiji,2023,,,,,,
Finland,2019,41.047,32.74,109.326,60.378,20.338,
Finland,2020,31.429,41.714,98.078,58.697,20.718,38.43781420765027
Finland,2021,33.982,41.32,91.721,59.253,20.715,53.03197260273973
Finland,2022,33.263,35.175,98.393,63.386,11.243,39.9318904109589
Finland,2023,24.579,39.414,90.905,85.364,11.944,
France,2019,79.423,147.688,872.398,1009.287,436.62,
France,2020,55.982,162.052,728.389,891.721,405.828,52.562076502732246
France,2021,75.042,153.476,782.114,952.558,430.414,58.88178082191781
France,2022,64.419,115.418,777.668,737.357,383.718,32.43394520547945
France,2023,49.383,144.228,767.882,843.039,338.642,
Gabon,2019,,,,0.0,,
Gabon,2020,,,,0.0,,54.80013661202185
Gabon,2021,,,,0.0,,55.22742465753424
Gabon,2022,,,,0.0,,26.059150684931506
Gabon,2023,,,,0.0,,
Gambia,2019,,,,,,
Gambia,2020,,,,,,40.53032786885246
Gambia,2021,,,,,,40.039589041095894
Gambia,2022,,,,,,28.20646575342466
Gambia,2023,,,,,,
Georgia,2019,,,,,,
Georgia,2020,,,,,,49.74494535519126
Georgia,2021,,,,,,54.380575342465754
Georgia,2022,,,,,,26.70942465753425
Georgia,2023,,,,,,
Germany,2019,624.218,52.01,1292.164,189.89,892.83,
Germany,2020,514.867,48.119,1168.205,162.255,871.075,48.91357923497267
Germany,2021,621.935,51.437,1155.841,173.583,917.38,62.079013698630135
Germany,2022,641.76,45.949,1179.893,86.835,775.447,49.383753424657534
Germany,2023,507.222,51.015,1114.516,17.987,756.638,
Ghana,2019,,,,,,
Ghana,2020,,,,,,37.127076502732244
Ghana,2021,,,,,,43.96060273972603
Ghana,2022,,,,,,41.30690410958904
Ghana,2023,,,,,,
Greece,2019,37.175,10.543,177.219,0.0,57.583,
Greece,2020,21.295,8.781,143.486,0.0,63.427,52.97109289617486
Greece,2021,19.908,15.447,152.027,0.0,69.803,78.47479452054795
Greece,2022,18.438,10.051,172.19,0.0,61.967,49.7813698630137
Greece,2023,13.223,10.253,172.08,0.0,53.822,
Greenland,2019,,,,,,
Greenland,2020,,,,,,30.95382513661202
Greenland,2021,,,,,,46.82673972602739
Greenland,2022,,,,,,25.219753424657537
Greenland,2023,,,,,,
Guam,2019,,,,,,
Guam,2020,,,,,,46.64286885245902
Guam,2021,,,,,,54.46339726027397
Guam,2022,,,,,,31.864657534246575
Guam,2023,,,,,,
Guatemala,2019,,,,,,
Guatemala,2020,,,,,,51.88846994535519
Guatemala,2021,,,,,,57.023534246575345
Guatemala,2022,,,,,,46.91213698630137
Guatemala,2023,,,,,,
Guinea,2019,,,,,,
Guinea,2020,,,,,,44.77051912568306
Guinea,2021,,,,,,56.1471506849315
Guinea,2022,,,,,,42.75375342465754
Guinea,2023,,,,,,
Guyana,2019,,,,0.0,,
Guyana,2020,,,,0.0,,52.279043715846996
Guyana,2021,,,,0.0,,67.08452054794522
Guyana,2022,,,,0.0,,39.17890410958904
Guyana,2023,,,,0.0,,
Haiti,2019,,,,,,
Haiti,2020,,,,,,36.30978142076503
Haiti,2021,,,,,,51.38978082191781
Haiti,2022,,,,,,39.06421917808219
Haiti,2023,,,,,,
Honduras,2019,,,,,,
Honduras,2020,,,,,,59.41819672131148
Honduras,2021,,,,,,75.00561643835616
Honduras,2022,,,,,,50.522821917808216
Honduras,2023,,,,,,
Hong Kong,2019,71.769,0.0,240.734,0.0,31.162,
Hong Kong,2020,38.231,0.0,169.066,0.0,49.443,58.56792349726776
Hong Kong,2021,42.465,0.0,151.345,0.0,48.255,73.0566301369863
Hong Kong,2022,41.766,0.0,128.301,0.0,45.324,66.58019178082192
Hong Kong,2023,40.805,0.0,159.32,0.0,48.468,
Hungary,2019,21.387,0.577,97.931,41.2,98.44,
Hungary,2020,19.595,0.641,89.379,40.461,101.93,44.600109289617485
Hungary,2021,15.938,0.555,97.098,40.15,108.104,53.61706849315068
Hungary,2022,14.471,0.464,96.338,39.558,91.91,28.892520547945207
Hungary,2023,10.097,0.576,93.542,39.678,81.848,
Iceland,2019,1.306,35.484,11.098,0.0,,
Iceland,2020,0.961,34.554,7.31,0.0,,45.29008196721311
Iceland,2021,1.361,36.121,8.265,0.0,,54.666082191780816
Iceland,2022,1.347,37.01,10.365,0.0,,25.441863013698633
Iceland,2023,0.968,36.941,9.736,0.0,,
India,2019,4989.023,427.202,2791.946,114.238,592.498,
India,2020,4714.672,429.933,2537.853,112.433,603.601,57.21065573770491
India,2021,5352.792,419.553,2588.831,110.276,623.727,66.43739726027398
India,2022,5562.658,456.08,2804.53,115.57,582.508,44.23668493150685
India,2023,6105.902,387.486,2936.974,120.159,626.103,
Indonesia,2019,801.231,55.78,853.313,0.0,454.684,
Indonesia,2020,765.38,63.884,751.479,0.0,425.805,44.93964480874317
Indonesia,2021,763.23,64.624,782.501,0.0,429.344,65.68134246575342
Indonesia,2022,1216.511,71.162,858.094,0.0,440.48,52.54104109589041
Indonesia,2023,1199.906,63.877,860.064,0.0,454.45,
Iran,2019,18.933,89.267,952.377,16.215,2183.896,
Iran,2020,21.418,60.943,917.405,15.953,2367.673,38.562349726775956
Iran,2021,20.834,36.181,956.291,8.88,2295.314,62.36293150684932
Iran,2022,21.504,36.51,993.278,16.427,2394.013,51.03123287671233
Iran,2023,21.891,58.845,972.781,16.539,2455.535,
Iraq,2019,0.0,13.083,430.655,0.0,194.952,
Iraq,2020,,10.93,375.09,0.0,184.851,53.44092896174864
Iraq,2021,,8.755,418.795,0.0,164.193,61.965808219178086
Iraq,2022,,6.911,472.014,0.0,183.616,38.74745205479452
Iraq,2023,,8.8,500.808,0.0,187.015,
Ireland,2019,11.741,2.337,88.716,0.0,53.159,
Ireland,2020,10.059,2.449,75.047,0.0,53.081,54.13289617486338
Ireland,2021,13.722,1.961,81.746,0.0,50.983,71.2985205479452
Ireland,2022,11.048,1.828,85.658,0.0,52.0,28.27394520547945
Ireland,2023,7.549,2.426,84.667,0.0,48.234,
Israel,2019,57.899,0.058,127.13,0.0,107.219,
Israel,2020,50.47,0.063,109.861,0.0,112.682,57.3331693989071
Israel,2021,45.234,0.062,114.398,0.0,117.337,63.82950684931507
Israel,2022,44.428,0.061,125.31,0.0,121.423,44.58791780821918
Israel,2023,38.417,0.06,123.503,0.0,125.673,
Italy,2019,77.534,122.194,709.052,0.0,707.906,
Italy,2020,59.253,125.1,585.492,0.0,676.252,60.745655737704915
Italy,2021,65.182,118.766,651.104,0.0,723.737,73.7071506849315
Italy,2022,86.385,74.036,695.903,0.0,651.99,49.648356164383564
Italy,2023,60.218,101.11,686.874,0.0,585.976,
Jamaica,2019,,,,,,
Jamaica,2020,,,,,,55.4307650273224
Jamaica,2021,,,,,,70.47646575342466
Jamaica,2022,,,,,,29.83479452054795
Jamaica,2023,,,,,,
Japan,2019,1362.594,194.849,2112.394,166.025,1081.233,
Japan,2020,1270.752,205.723,1877.527,108.366,1041.275,42.596010928961746
Japan,2021,1369.467,208.356,1911.596,153.727,1035.061,57.661095890410955
Japan,2022,1365.525,195.192,1926.723,129.528,1002.223,49.432136986301366
Japan,2023,1260.11,193.524,1848.599,193.086,924.208,
Jordan,2019,,,,,,
Jordan,2020,,,,,,46.689590163934426
Jordan,2021,,,,,,49.02038356164383
Jordan,2022,,,,,,28.4473698630137
Jordan,2023,,,,,,
Kazakhstan,2019,400.92,26.343,171.497,0.0,197.041,
Kazakhstan,2020,379.287,25.369,148.747,0.0,176.562,52.38502732240437
Kazakhstan,2021,389.989,24.096,183.113,0.0,216.167,53.4753698630137
Kazakhstan,2022,391.729,23.989,180.09,0.0,212.817,31.76912328767123
Kazakhstan,2023,385.026,22.843,191.378,0.0,214.251,
Kenya,2019,,,,,,
Kenya,2020,,,,,,48.09295081967213
Kenya,2021,,,,,,59.46180821917809
Kenya,2022,,,,,,42.52161643835616
Kenya,2023,,,,,,
Kiribati,2019,,,,,,
Kiribati,2020,,,,,,12.470901639344262
Kiribati,2021,,,,,,23.34131506849315
Kiribati,2022,,,,,,40.57432876712328
Kiribati,2023,,,,,,
Kosovo,2019,,,,,,
Kosovo,2020,,,,,,49.5486612021858
Kosovo,2021,,,,,,54.559835616438356
Kosovo,2022,,,,,,33.72706849315068
Kosovo,2023,,,,,,
Kuwait,2019,2.207,,234.157,0.0,183.732,
Kuwait,2020,0.556,,218.023,0.0,179.136,50.13459016393443
Kuwait,2021,1.074,,224.932,0.0,197.584,58.675780821917805
Kuwait,2022,1.533,,213.799,0.0,216.601,26.772246575342464
Kuwait,2023,1.533,,211.603,0.0,224.55,
Laos,2019,,,,,,
Laos,2020,,,,,,37.3727868852459
Laos,2021,,,,,,62.42375342465753
Laos,2022,,,,,,58.77695890410959
Laos,2023,,,,,,
Latvia,2019,0.477,5.555,21.895,0.0,13.119,
Latvia,2020,0.286,6.836,19.206,0.0,10.732,40.189125683060105
Latvia,2021,0.224,7.085,20.027,0.0,11.588,48.38213698630137
Latvia,2022,0.164,7.169,19.661,0.0,8.104,26.196465753424654
Latvia,2023,0.09,9.871,19.631,0.0,7.671,
Lebanon,2019,,,,,,
Lebanon,2020,,,,,,49.46841530054645
Lebanon,2021,,,,,,61.92794520547945
Lebanon,2022,,,,,,42.294
Lebanon,2023,,,,,,
Lesotho,2019,,,,,,
Lesotho,2020,,,,,,36.89472677595628
Lesotho,2021,,,,,,50.96087671232877
Lesotho,2022,,,,,,30.680904109589044
Lesotho,2023,,,,,,
Liberia,2019,,,,,,
Liberia,2020,,,,,,38.93603825136612
Liberia,2021,,,,,,46.42430136986301
Liberia,2022,,,,,,45.74032876712329
Liberia,2023,,,,,,
Libya,2019,,,,0.0,,
Libya,2020,,,,0.0,,48.02811475409836
Libya,2021,,,,0.0,,48.35049315068493
Libya,2022,,,,0.0,,37.402986301369864
Libya,2023,,,,0.0,,
Lithuania,2019,2.309,0.91,39.039,0.0,21.572,
Lithuania,2020,1.801,0.789,36.594,0.0,23.605,44.87527322404371
Lithuania,2021,2.159,1.004,36.981,0.0,22.282,59.61024657534247
Lithuania,2022,2.139,1.211,37.157,0.0,16.074,33.75282191780821
Lithuania,2023,1.31,1.17,37.773,0.0,15.655,
Luxembourg,2019,0.532,0.282,35.057,0.0,7.956,
Luxembourg,2020,0.447,0.241,28.462,0.0,7.225,47.953360655737704
Luxembourg,2021,0.459,0.279,30.57,0.0,7.79,56.12394520547946
Luxembourg,2022,0.478,0.167,27.839,0.0,6.117,37.346849315068496
Luxembourg,2023,0.389,0.235,27.01,0.0,5.735,
Macao,2019,,,,,,
Macao,2020,,,,,,43.19199453551913
Macao,2021,,,,,,48.41131506849315
Macao,2022,,,,,,59.92232876712329
Macao,2023,,,,,,
Madagascar,2019,,,,0.0,,
Madagascar,2020,,,,0.0,,40.717677595628416
Madagascar,2021,,,,0.0,,44.31912328767123
Madagascar,2022,,,,0.0,,24.116520547945207
Madagascar,2023,,,,0.0,,
Malawi,2019,,,,,,
Malawi,2020,,,,,,38.62158469945355
Malawi,2021,,,,,,45.5812602739726
Malawi,2022,,,,,,34.50419178082192
Malawi,2023,,,,,,
Malaysia,2019,244.729,69.052,459.846,0.0,452.151,
Malaysia,2020,288.092,71.695,381.966,0.0,436.137,57.26838797814207
Malaysia,2021,266.346,79.03,368.176,0.0,513.517,73.06638356164383
Malaysia,2022,263.048,82.865,444.445,0.0,519.453,40.51706849315068
Malaysia,2023,272.943,81.841,496.324,0.0,460.715,
Mali,2019,,,,,,
Mali,2020,,,,,,35.05431693989071
Mali,2021,,,,,,45.573232876712325
Mali,2022,,,,,,39.63293150684932
Mali,2023,,,,,,
Malta,2019,,,,,,
Malta,2020,,,,,,49.69013661202186
Malta,2021,,,,,,63.21986301369863
Malta,2022,,,,,,34.70835616438356
Malta,2023,,,,,,
Mauritania,2019,,,,,,
Mauritania,2020,,,,,,33.71939890710382
Mauritania,2021,,,,,,41.10794520547945
Mauritania,2022,,,,,,34.70613698630137
Mauritania,2023,,,,,,
Mauritius,2019,,,,,,
Mauritius,2020,,,,,,35.81620218579235
Mauritius,2021,,,,,,64.13476712328767
Mauritius,2022,,,,,,33.490794520547944
Mauritius,2023,,,,,,
Mexico,2019,150.415,62.215,974.052,28.304,933.893,
Mexico,2020,66.491,70.429,838.945,28.17,922.448,44.16013661202186
Mexico,2021,55.126,90.844,956.65,29.938,916.388,50.3652602739726
Mexico,2022,67.837,92.707,1048.408,27.144,909.47,33.96964383561644
Mexico,2023,73.322,52.991,1065.958,30.875,975.727,
Moldova,2019,,,,,,
Moldova,2020,,,,,,47.78292349726776
Moldova,2021,,,,,,54.892794520547945
Moldova,2022,,,,,,30.354109589041094
Moldova,2023,,,,,,
Mongolia,2019,,,,0.0,,
Mongolia,2020,,,,0.0,,51.963442622950815
Mongolia,2021,,,,0.0,,60.759068493150686
Mongolia,2022,,,,0.0,,23.897205479452055
Mongolia,2023,,,,0.0,,
Morocco,2019,77.487,3.329,156.342,0.0,10.127,
Morocco,2020,79.828,2.279,136.509,0.0,7.867,55.31710382513661
Morocco,2021,85.969,2.141,154.92,0.0,7.899,60.748301369863015
Morocco,2022,86.362,0.913,159.817,0.0,2.227,37.3406301369863
Morocco,2023,81.007,0.423,158.484,0.0,8.88,
Mozambique,2019,,,,0.0,,
Mozambique,2020,,,,0.0,,40.51431693989071
Mozambique,2021,,,,0.0,,46.2491506849315
Mozambique,2022,,,,0.0,,28.07501369863014
Mozambique,2023,,,,0.0,,
Myanmar,2019,,,,0.0,,
Myanmar,2020,,,,0.0,,50.72344262295081
Myanmar,2021,,,,0.0,,71.3908493150685
Myanmar,2022,,,,0.0,,57.80712328767123
Myanmar,2023,,,,0.0,,
Namibia,2019,,,,,,
Namibia,2020,,,,,,38.11226775956284
Namibia,2021,,,,,,49.947315068493154
Namibia,2022,,,,,,28.152712328767123
Namibia,2023,,,,,,
Nepal,2019,,,,,,
Nepal,2020,,,,,,53.21713114754099
Nepal,2021,,,,,,55.7546301369863
Nepal,2022,,,,,,47.79849315068493
Nepal,2023,,,,,,
Netherlands,2019,74.694,0.196,494.707,9.89,371.611,
Netherlands,2020,47.778,0.121,470.906,10.301,360.944,46.84620218579235
Netherlands,2021,65.111,0.231,470.29,9.612,348.417,61.85454794520548
Netherlands,2022,64.333,0.13,461.531,10.398,275.361,40.70482191780822
Netherlands,2023,43.991,0.177,473.085,9.931,257.722,
New Zealand,2019,16.648,67.477,101.949,0.0,48.044,
New Zealand,2020,15.76,63.731,84.239,0.0,45.726,40.281174863387974
New Zealand,2021,18.389,63.414,83.9,0.0,38.743,53.06213698630137
New Zealand,2022,12.746,68.506,82.971,0.0,36.216,39.223643835616436
New Zealand,2023,11.39,68.86,88.615,0.0,38.055,
Nicaragua,2019,,,,,,
Nicaragua,2020,,,,,,11.053879781420765
Nicaragua,2021,,,,,,17.22172602739726
Nicaragua,2022,,,,,,20.698547945205476
Nicaragua,2023,,,,,,
Niger,2019,,,,,,
Niger,2020,,,,,,21.50672131147541
Niger,2021,,,,,,34.31947945205479
Niger,2022,,,,,,23.631397260273975
Niger,2023,,,,,,
Nigeria,2019,,,,0.0,,
Nigeria,2020,,,,0.0,,47.93071038251366
Nigeria,2021,,,,0.0,,42.04210958904109
Nigeria,2022,,,,0.0,,30.484712328767124
Nigeria,2023,,,,0.0,,
Norway,2019,9.075,330.26,110.243,0.0,46.099,
Norway,2020,8.977,370.107,102.117,0.0,44.535,35.39215846994536
Norway,2021,9.79,374.953,104.959,0.0,42.555,54.63572602739726
Norway,2022,9.366,332.697,107.24,0.0,39.267,27.339315068493153
Norway,2023,9.616,353.476,106.811,0.0,37.932,
Oman,2019,0.975,,122.143,0.0,249.965,
Oman,2020,1.122,,99.792,0.0,259.157,55.54997267759563
Oman,2021,0.978,,110.458,0.0,279.853,58.419972602739726
Oman,2022,1.408,,126.109,0.0,285.326,28.95358904109589
Oman,2023,1.408,,129.454,0.0,295.088,
Pakistan,2019,156.562,95.254,250.625,23.227,444.73,
Pakistan,2020,181.748,105.018,243.721,24.067,411.598,48.99808743169399
Pakistan,2021,200.761,98.472,283.124,39.409,448.92,63.44928767123288
Pakistan,2022,178.546,89.944,275.142,55.665,382.023,55.98789041095891
Pakistan,2023,171.416,97.131,217.189,55.768,378.444,
Palestine,2019,,,,,,
Palestine,2020,,,,,,47.251994535519124
Palestine,2021,,,,,,54.35567123287671
Palestine,2022,,,,,,29.015342465753427
Palestine,2023,,,,,,
Panama,2019,,,,,,
Panama,2020,,,,,,55.70289617486339
Panama,2021,,,,,,69.4341095890411
Panama,2022,,,,,,33.25846575342466
Panama,2023,,,,,,
Papua New Guinea,2019,,,,0.0,,
Papua New Guinea,2020,,,,0.0,,40.423032786885244
Papua New Guinea,2021,,,,0.0,,53.21479452054795
Papua New Guinea,2022,,,,0.0,,40.06202739726027
Papua New Guinea,2023,,,,0.0,,
Paraguay,2019,,,,,,
Paraguay,2020,,,,,,52.54978142076503
Paraguay,2021,,,,,,50.74978082191782
Paraguay,2022,,,,,,26.871698630136986
Paraguay,2023,,,,,,
Peru,2019,8.186,82.933,140.729,0.0,82.113,
Peru,2020,5.945,80.129,107.006,0.0,81.7,60.12964480874317
Peru,2021,7.794,83.539,132.541,0.0,89.415,63.760082191780825
Peru,2022,8.424,77.546,140.197,0.0,98.258,40.314273972602734
Peru,2023,8.137,75.469,144.112,0.0,100.978,
Philippines,2019,203.311,21.203,256.946,0.0,42.16,
Philippines,2020,204.062,19.012,209.641,0.0,38.428,55.5470218579235
Philippines,2021,219.963,24.163,225.743,0.0,32.831,66.4641095890411
Philippines,2022,221.846,26.405,247.81,0.0,30.804,47.0187397260274
Philippines,2023,244.921,26.444,259.203,0.0,32.037,
Poland,2019,516.078,5.162,379.485,0.0,208.888,
Poland,2020,478.409,5.563,359.475,0.0,210.646,43.250546448087434
Poland,2021,529.151,6.121,375.108,0.0,223.738,59.16712328767123
Poland,2022,495.633,5.131,389.426,0.0,186.046,25.462575342465755
Poland,2023,418.319,6.225,390.332,0.0,195.827,
Portugal,2019,14.518,23.244,139.919,0.0,61.35,
Portugal,2020,6.579,31.732,114.113,0.0,60.367,51.50295081967213
Portugal,2021,2.275,31.158,117.346,0.0,58.11,68.13646575342466
Portugal,2022,0.081,17.072,129.039,0.0,55.889,28.622301369863013
Portugal,2023,0.058,31.429,123.636,0.0,44.805,
Puerto Rico,2019,,,,,,
Puerto Rico,2020,,,,,,55.45969945355191
Puerto Rico,2021,,,,,,52.71723287671233
Puerto Rico,2022,,,,,,33.48682191780822
Puerto Rico,2023,,,,,,
Qatar,2019,0.412,,169.019,0.0,413.669,
Qatar,2020,0.075,,126.878,0.0,384.132,51.579808743169394
Qatar,2021,0.029,,140.27,0.0,401.101,67.56142465753425
Qatar,2022,0.115,,162.082,0.0,403.335,43.1386301369863
Qatar,2023,0.131,,170.206,0.0,442.013,
Romania,2019,57.781,41.071,120.234,28.532,107.75,
Romania,2020,41.722,40.395,116.285,28.896,112.626,48.187704918032786
Romania,2021,47.127,45.561,124.887,28.334,115.69,68.93575342465753
Romania,2022,42.036,36.439,126.407,27.742,97.113,35.361999999999995
Romania,2023,31.724,47.375,126.52,27.896,90.86,
Russia,2019,990.76,512.37,1888.724,528.623,4443.127,
Russia,2020,914.234,557.924,1815.754,544.142,4234.834,46.204180327868855
Russia,2021,951.683,561.365,1930.519,558.415,4315.445,54.56712328767123
Russia,2022,1067.093,515.343,1982.627,559.65,4484.05,36.792191780821916
Russia,2023,1064.97,521.781,2003.207,541.87,4533.709,
Rwanda,2019,,,,,,
Rwanda,2020,,,,,,56.79442622950819
Rwanda,2021,,,,,,61.26720547945205
Rwanda,2022,,,,,,41.70298630136986
Rwanda,2023,,,,,,
Saudi Arabia,2019,1.173,,1854.147,0.0,1111.5,
Saudi Arabia,2020,1.028,,1754.324,0.0,1130.5,53.568579234972674
Saudi Arabia,2021,1.279,,1833.843,0.0,1144.607,59.69923287671233
Saudi Arabia,2022,,,,,,38.16413698630137
Saudi Arabia,2023,,,,,,
Senegal,2019,,,,,,
Senegal,2020,,,,,,40.921612021857925
Senegal,2021,,,,,,35.5614794520548
Senegal,2022,,,,,,29.645260273972603
Senegal,2023,,,,,,
Serbia,2019,,,,0.0,,
Serbia,2020,,,,0.0,,44.2338524590164
Serbia,2021,,,,0.0,,57.362986301369865
Serbia,2022,,,,0.0,,33.931534246575346
Serbia,2023,,,,0.0,,
Seychelles,2019,,,,,,
Seychelles,2020,,,,,,31.976120218579236
Seychelles,2021,,,,,,65.75558904109589
Seychelles,2022,,,,,,41.32860273972603
Seychelles,2023,,,,,,
Sierra Leone,2019,,,,,,
Sierra Leone,2020,,,,,,35.743770491803275
Sierra Leone,2021,,,,,,48.26778082191781
Sierra Leone,2022,,,,,,43.42863013698631
Sierra Leone,2023,,,,,,
Singapore,2019,5.325,,795.926,0.0,125.488,
Singapore,2020,5.037,,776.536,0.0,125.984,56.33043715846994
Singapore,2021,5.397,,768.612,0.0,133.519,69.32071232876713
Singapore,2022,4.823,,741.596,0.0,130.594,58.289232876712326
Singapore,2023,3.91,,831.706,0.0,123.314,
Slovenia,2019,12.195,11.808,29.977,14.725,8.567,
Slovenia,2020,11.744,12.958,25.082,16.01,8.552,48.779726775956284
Slovenia,2021,10.787,12.331,26.842,14.327,9.007,62.00969863013699
Slovenia,2022,8.716,8.209,28.228,14.024,7.945,27.43391780821918
Slovenia,2023,7.973,12.915,25.043,13.967,7.667,
Solomon Islands,2019,,,,,,
Solomon Islands,2020,,,,,,21.366830601092897
Solomon Islands,2021,,,,,,24.723150684931504
Solomon Islands,2022,,,,,,45.85849315068493
Solomon Islands,2023,,,,,,
Somalia,2019,,,,,,
Somalia,2020,,,,,,26.628060109289613
Somalia,2021,,,,,,40.04468493150685
Somalia,2022,,,,,,28.36082191780822
Somalia,2023,,,,,,
South Africa,2019,1044.748,1.953,330.394,33.521,42.612,
South Africa,2020,1022.687,3.848,267.85,24.957,39.705,54.40382513661202
South Africa,2021,996.153,5.28,288.83,31.023,42.192,61.93958904109589
South Africa,2022,938.539,8.082,295.22,25.268,42.701,36.395671232876715
South Africa,2023,923.693,4.378,301.636,22.191,47.475,
South Korea,2019,955.366,7.351,1475.317,369.074,560.338,
South Korea,2020,840.159,10.183,1405.675,403.691,575.373,48.67699453551912
South Korea,2021,843.54,7.993,1499.434,396.769,624.074,56.76063013698631
South Korea,2022,796.568,9.232,1518.494,440.451,623.789,42.8341095890411
South Korea,2023,748.349,9.654,1489.859,449.919,600.747,
South Sudan,2019,,,,0.0,,
South Sudan,2020,,,,0.0,,40.040245901639345
South Sudan,2021,,,,0.0,,41.67134246575342
South Sudan,2022,,,,0.0,,29.25010958904109
South Sudan,2023,,,,0.0,,
Spain,2019,58.984,59.273,735.607,147.41,359.745,
Spain,2020,34.386,80.119,591.83,146.925,324.902,51.58601092896175
Spain,2021,35.731,77.522,654.146,142.03,343.243,61.9112602739726
Spain,2022,43.427,45.859,725.287,146.58,329.742,36.594191780821916
Spain,2023,32.932,66.176,713.415,141.596,292.983,
Sri Lanka,2019,16.297,12.684,81.442,0.0,,
Sri Lanka,2020,19.583,13.069,69.958,0.0,,46.42808743169399
Sri Lanka,2021,19.567,18.91,66.111,0.0,,73.39558904109589
Sri Lanka,2022,18.344,17.919,55.179,0.0,,40.58698630136986
Sri Lanka,2023,16.472,15.221,60.621,0.0,,
Sudan,2019,,,,0.0,,
Sudan,2020,,,,0.0,,36.371475409836066
Sudan,2021,,,,0.0,,32.023479452054794
Sudan,2022,,,,0.0,,16.79545205479452
Sudan,2023,,,,0.0,,
Suriname,2019,,,,,,
Suriname,2020,,,,,,49.872950819672134
Suriname,2021,,,,,,67.21183561643835
Suriname,2022,,,,,,33.6392602739726
Suriname,2023,,,,,,
Sweden,2019,22.514,172.122,145.296,167.273,10.279,
Sweden,2020,18.612,189.844,134.45,123.988,9.909,43.84718579234973
Sweden,2021,18.925,193.095,147.195,132.993,10.628,47.21928767123288
Sweden,2022,18.447,181.999,132.725,129.954,7.998,19.702520547945205
Sweden,2023,18.115,171.543,129.5,120.73,7.162,
Switzerland,2019,1.058,99.202,123.533,63.945,34.058,
Switzerland,2020,1.017,98.39,102.538,57.939,33.147,42.43153005464481
Switzerland,2021,1.028,95.691,102.788,46.528,36.042,57.13257534246575
Switzerland,2022,1.069,77.08,105.803,57.824,29.644,26.52778082191781
Switzerland,2023,1.069,96.061,107.38,58.165,27.441,
Syria,2019,,,,0.0,,
Syria,2020,,,,0.0,,33.60989071038251
Syria,2021,,,,0.0,,32.38435616438356
Syria,2022,,,,0.0,,25.941616438356167
Syria,2023,,,,0.0,,
Taiwan,2019,464.158,14.616,515.637,81.761,232.598,
Taiwan,2020,433.835,7.929,493.496,79.235,248.845,33.24112021857923
Taiwan,2021,465.734,9.092,522.238,69.774,272.905,50.462931506849316
Taiwan,2022,439.276,15.217,480.796,59.43,280.663,46.575808219178086
Taiwan,2023,413.876,10.295,454.153,44.375,279.469,
Tajikistan,2019,,,,,,
Tajikistan,2020,,,,,,32.82827868852459
Tajikistan,2021,,,,,,32.46202739726027
Tajikistan,2022,,,,,,16.285671232876712
Tajikistan,2023,,,,,,
Tanzania,2019,,,,,,
Tanzania,2020,,,,,,16.395928961748634
Tanzania,2021,,,,,,18.069753424657534
Tanzania,2022,,,,,,18.498027397260273
Tanzania,2023,,,,,,
Thailand,2019,198.453,16.633,665.997,0.0,509.396,
Thailand,2020,212.183,11.923,596.249,0.0,468.529,45.426502732240436
Thailand,2021,217.274,11.88,599.142,0.0,470.137,57.97506849315069
Thailand,2022,197.679,17.204,643.549,0.0,443.181,35.580958904109586
Thailand,2023,168.048,17.114,641.944,0.0,471.742,
Togo,2019,,,,,,
Togo,2020,,,,,,38.644289617486336
Togo,2021,,,,,,56.18846575342466
Togo,2022,,,,,,42.583123287671235
Togo,2023,,,,,,
Tonga,2019,,,,,,
Tonga,2020,,,,,,27.405792349726777
Tonga,2021,,,,,,36.556493150684936
Tonga,2022,,,,,,49.929369863013704
Tonga,2023,,,,,,
Trinidad and Tobago,2019,0.0,0.0,20.454,0.0,174.733,
Trinidad and Tobago,2020,0.0,0.0,17.47,0.0,151.856,49.94677595628416
Trinidad and Tobago,2021,0.0,0.0,17.052,0.0,156.056,64.45079452054794
Trinidad and Tobago,2022,0.0,0.0,18.34,0.0,154.7,30.073178082191784
Trinidad and Tobago,2023,0.0,0.0,18.794,0.0,145.04,
Tunisia,2019,,,,0.0,,
Tunisia,2020,,,,0.0,,41.85918032786885
Tunisia,2021,,,,0.0,,60.868465753424665
Tunisia,2022,,,,0.0,,47.4341095890411
Tunisia,2023,,,,0.0,,
Turkey,2019,487.526,234.134,576.531,0.0,433.613,
Turkey,2020,472.367,205.098,547.577,0.0,462.099,54.10081967213115
Turkey,2021,482.322,146.342,581.605,0.0,573.104,55.9507397260274
Turkey,2022,488.702,174.163,606.453,0.0,512.464,23.693917808219176
Turkey,2023,458.098,165.872,639.114,0.0,484.293,
Turkmenistan,2019,,0.008,72.412,0.0,277.47,
Turkmenistan,2020,,0.008,97.238,0.0,342.532,27.016120218579236
Turkmenistan,2021,,0.008,75.489,0.0,367.582,50.24920547945205
Turkmenistan,2022,,0.008,77.418,0.0,375.364,40.97117808219178
Turkmenistan,2023,,0.008,77.414,0.0,367.512,
Uganda,2019,,,,,,
Uganda,2020,,,,,,51.545573770491806
Uganda,2021,,,,,,54.79298630136986
Uganda,2022,,,,,,38.66139726027397
Uganda,2023,,,,,,
Ukraine,2019,303.264,17.156,128.969,209.953,282.977,
Ukraine,2020,265.711,19.865,121.784,192.044,293.387,48.68565573770492
Ukraine,2021,264.882,27.261,123.14,216.458,272.566,55.798986301369865
Ukraine,2022,151.27,28.927,107.295,155.281,182.657,30.49084931506849
Ukraine,2023,135.357,33.019,109.061,130.64,187.389,
United Arab Emirates,2019,20.668,,516.871,0.0,671.891,
United Arab Emirates,2020,24.736,,483.562,4.1,678.658,48.205710382513665
United Arab Emirates,2021,30.154,,517.914,26.486,655.399,57.52205479452054
United Arab Emirates,2022,27.893,,595.798,50.298,661.476,40.63032876712329
United Arab Emirates,2023,28.406,,612.222,80.45,668.878,
United Kingdom,2019,68.913,15.639,853.756,142.116,778.738,
United Kingdom,2020,62.786,18.039,657.192,126.71,731.454,55.14306010928962
United Kingdom,2021,64.242,14.126,681.619,115.263,769.267,63.72419178082191
United Kingdom,2022,58.387,14.705,736.121,119.393,708.97,24.954520547945204
United Kingdom,2023,51.034,13.494,746.78,101.574,635.035,
United States,2019,3150.46,752.485,10287.683,2155.132,8509.999,
United States,2020,2556.181,742.663,9035.32,2095.404,8345.496,52.78322404371585
United States,2021,2936.894,651.455,9868.985,2060.685,8364.249,58.3173698630137
United States,2022,2752.975,655.104,9930.587,2031.819,8795.866,39.03369863013698
United States,2023,2276.868,613.883,9960.662,2034.434,8864.672,
United States Virgin Islands,2019,,,,,,
United States Virgin Islands,2020,,,,,,36.1622131147541
United States Virgin Islands,2021,,,,,,56.92512328767123
United States Virgin Islands,2022,,,,,,47.906027397260274
United States Virgin Islands,2023,,,,,,
Uruguay,2019,,,,,,
Uruguay,2020,,,,,,43.697841530054646
Uruguay,2021,,,,,,59.25835616438356
Uruguay,2022,,,,,,30.384164383561643
Uruguay,2023,,,,,,
Uzbekistan,2019,20.913,17.034,58.118,0.0,445.982,
Uzbekistan,2020,28.659,13.129,62.331,0.0,435.838,45.94751366120219
Uzbekistan,2021,25.811,13.11,61.463,0.0,465.259,49.75904109589041
Uzbekistan,2022,29.677,13.852,61.494,0.0,483.308,26.165342465753426
Uzbekistan,2023,37.982,18.176,61.651,0.0,465.883,
Vanuatu,2019,,,,,,
Vanuatu,2020,,,,,,27.72860655737705
Vanuatu,2021,,,,,,24.078684931506846
Vanuatu,2022,,,,,,33.00665753424658
Vanuatu,2023,,,,,,
Venezuela,2019,0.874,165.511,234.658,0.0,255.762,
Venezuela,2020,0.612,176.46,135.119,0.0,215.611,51.10849726775956
Venezuela,2021,0.551,177.529,145.36,0.0,280.591,69.74364383561644
Venezuela,2022,1.873,178.619,179.185,0.0,290.555,28.174383561643836
Venezuela,2023,1.873,170.385,234.035,0.0,296.834,
Vietnam,2019,580.664,174.283,333.533,0.0,98.43,
Vietnam,2020,609.741,191.37,282.963,0.0,88.394,49.9505737704918
Vietnam,2021,579.233,205.862,273.278,0.0,71.989,63.57758904109589
Vietnam,2022,528.115,250.05,295.888,0.0,77.972,44.821917808219176
Vietnam,2023,645.363,210.161,332.01,0.0,72.182,
Yemen,2019,,,,0.0,,
Yemen,2020,,,,0.0,,19.980245901639343
Yemen,2021,,,,0.0,,28.582602739726028
Yemen,2022,,,,0.0,,14.316575342465754
Yemen,2023,,,,0.0,,
Zambia,2019,,,,0.0,,
Zambia,2020,,,,0.0,,34.231475409836065
Zambia,2021,,,,0.0,,39.01473972602739
Zambia,2022,,,,0.0,,28.146602739726028
Zambia,2023,,,,0.0,,
Zimbabwe,2019,,,,0.0,,
Zimbabwe,2020,,,,0.0,,44.73224043715847
Zimbabwe,2021,,,,0.0,,54.87813698630137
Zimbabwe,2022,,,,0.0,,44.47635616438356
Zimbabwe,2023,,,,0.0,,
